epoch,time,train/box_loss,train/cls_loss,train/dfl_loss,metrics/precision(B),metrics/recall(B),metrics/mAP50(B),metrics/mAP50-95(B),val/box_loss,val/cls_loss,val/dfl_loss,lr/pg0,lr/pg1,lr/pg2
1,1040.97,4.03542,4.18373,3.16718,0.66392,0.1371,0.11261,0.03915,2.85061,2.12678,1.8956,0.00332,0.00332,0.00332
2,1693.36,2.53575,1.78133,1.54163,0.86284,0.22105,0.25786,0.13098,2.07331,1.58938,1.43517,0.00663138,0.00663138,0.00663138
3,2324.51,2.08664,1.35752,1.30249,0.9862,0.077,0.22435,0.113,2.02145,inf,1.36604,0.00992075,0.00992075,0.00992075
4,2882.33,1.86104,1.12754,1.19752,0.67307,0.28942,0.35099,0.21717,1.67164,1.22039,1.17967,0.009901,0.009901,0.009901
5,3456.26,1.74915,1.00683,1.15056,0.52632,0.33548,0.37596,0.22658,1.57785,0.92465,1.13057,0.009868,0.009868,0.009868
6,4107.27,1.69322,0.95206,1.12904,0.72263,0.41344,0.45669,0.26851,1.46715,0.86226,1.07847,0.009835,0.009835,0.009835
7,4861.76,1.65488,0.91756,1.11256,0.52411,0.43946,0.44076,0.27248,1.43254,0.7771,1.07013,0.009802,0.009802,0.009802
8,5847.77,1.62585,0.89441,1.10463,0.69832,0.41501,0.44853,0.2683,1.45333,0.79232,1.07591,0.009769,0.009769,0.009769
9,6680.67,1.61033,0.87858,1.09972,0.54521,0.44772,0.46431,0.27922,1.39972,0.72454,1.05499,0.009736,0.009736,0.009736
10,7483.81,1.59254,0.86423,1.09293,0.58973,0.4379,0.46117,0.28701,1.3963,0.75813,1.0529,0.009703,0.009703,0.009703
11,8095.17,1.58586,0.85496,1.08847,0.62905,0.46286,0.49332,0.29542,1.35836,0.90497,1.04461,0.00967,0.00967,0.00967
12,8855.54,1.57412,0.84867,1.08842,0.64996,0.46273,0.48365,0.29731,1.37211,0.70089,1.04107,0.009637,0.009637,0.009637
13,9465.32,1.56831,0.83904,1.08465,0.69227,0.4437,0.48633,0.30625,1.36621,0.7021,1.03973,0.009604,0.009604,0.009604
14,10050.4,1.55789,0.83575,1.08443,0.60864,0.4613,0.4821,0.29924,1.37073,0.71232,1.04628,0.009571,0.009571,0.009571
15,10669,1.55506,0.83117,1.08196,0.72232,0.45624,0.4935,0.30788,1.34731,0.70494,1.03032,0.009538,0.009538,0.009538
16,11281.2,1.54594,0.82659,1.07836,0.6958,0.46521,0.50092,0.31238,1.3482,0.68846,1.03631,0.009505,0.009505,0.009505
17,11891,1.54227,0.82308,1.07599,0.66119,0.45706,0.49566,0.30578,1.34299,0.71683,1.02902,0.009472,0.009472,0.009472
18,12592.7,1.53942,0.81851,1.07606,0.73201,0.43917,0.49285,0.3099,1.33434,0.68473,1.03149,0.009439,0.009439,0.009439
19,13293.7,1.53655,0.82019,1.07352,0.70893,0.47983,0.50956,0.31689,1.33255,0.72473,1.02673,0.009406,0.009406,0.009406
20,13880.1,1.52739,0.80792,1.07184,0.72564,0.47068,0.51256,0.32217,1.33168,0.67566,1.02828,0.009373,0.009373,0.009373
21,14489.8,1.52806,0.81198,1.07288,0.75993,0.46688,0.51347,0.3196,1.3286,0.68564,1.02327,0.00934,0.00934,0.00934
22,15155.4,1.52163,0.80492,1.06933,0.66933,0.48025,0.51378,0.32035,1.3331,0.67167,1.02693,0.009307,0.009307,0.009307
23,16049,1.52545,0.81245,1.07186,0.73789,0.38649,0.42762,0.2587,1.4438,0.85907,1.09041,0.009274,0.009274,0.009274
24,17003.6,1.52093,0.80254,1.06983,0.6928,0.49635,0.52673,0.32808,1.32508,0.67686,1.02695,0.009241,0.009241,0.009241
25,17718.7,1.51418,0.79864,1.06788,0.69512,0.48982,0.53242,0.33257,1.32051,0.66092,1.02723,0.009208,0.009208,0.009208
26,18408.4,1.51358,0.79693,1.066,0.68441,0.4883,0.52597,0.32465,1.32292,0.66079,1.02535,0.009175,0.009175,0.009175
27,19258,1.50933,0.79388,1.06659,0.72881,0.46795,0.52381,0.32319,1.31938,0.66205,1.02176,0.009142,0.009142,0.009142
28,19916.8,1.51068,0.79426,1.06699,0.68603,0.49061,0.53203,0.32438,1.31801,0.65874,1.0232,0.009109,0.009109,0.009109
29,20602.3,1.50616,0.79039,1.064,0.68667,0.49865,0.53256,0.32394,1.31444,0.65631,1.02344,0.009076,0.009076,0.009076
30,21396.9,1.50152,0.78688,1.06351,0.73373,0.49093,0.53429,0.32344,1.31709,0.65754,1.02344,0.009043,0.009043,0.009043
31,22076.3,1.49927,0.78651,1.0619,0.76324,0.47091,0.53433,0.33069,1.31905,0.65996,1.02205,0.00901,0.00901,0.00901
32,22865,1.49535,0.78163,1.06009,0.6934,0.50277,0.53872,0.33995,1.31279,0.65436,1.02162,0.008977,0.008977,0.008977
33,23636.6,1.50145,0.7862,1.06193,0.69071,0.50619,0.53921,0.33077,1.3127,0.65184,1.02228,0.008944,0.008944,0.008944
34,24437.9,1.492,0.77891,1.06153,0.71708,0.50192,0.54058,0.33385,1.31138,0.65197,1.02088,0.008911,0.008911,0.008911
35,25471.6,1.48849,0.77583,1.05748,0.6863,0.50942,0.53887,0.33522,1.31041,0.65052,1.02114,0.008878,0.008878,0.008878
36,26244.9,1.49277,0.77833,1.06047,0.73204,0.499,0.53793,0.33324,1.30806,0.64963,1.01972,0.008845,0.008845,0.008845
37,27101.7,1.49397,0.78176,1.06134,0.71149,0.48768,0.52921,0.32823,1.31351,0.65498,1.02381,0.008812,0.008812,0.008812
38,27905.3,1.4877,0.77349,1.05864,0.67161,0.49561,0.53232,0.33241,1.30861,0.6462,1.01985,0.008779,0.008779,0.008779
39,28723.6,1.4855,0.77117,1.05843,0.70757,0.50734,0.54193,0.33753,1.30988,0.64473,1.02043,0.008746,0.008746,0.008746
40,29655.3,1.48386,0.77077,1.05654,0.70386,0.51114,0.53961,0.33651,1.3074,0.64463,1.02015,0.008713,0.008713,0.008713
41,30311.9,1.48332,0.7751,1.05751,0.7283,0.49732,0.5456,0.33976,1.30802,0.65185,1.01827,0.00868,0.00868,0.00868
42,31152.9,1.48002,0.76694,1.05614,0.69283,0.50669,0.54569,0.34053,1.30654,0.64452,1.01965,0.008647,0.008647,0.008647
43,32101.3,1.48112,0.76787,1.05519,0.68898,0.50307,0.54069,0.33807,1.30556,0.64961,1.01753,0.008614,0.008614,0.008614
44,33440.3,1.47529,0.7635,1.05281,0.66356,0.5088,0.53992,0.33932,1.30554,0.64475,1.01865,0.008581,0.008581,0.008581
45,34259,1.47608,0.76445,1.05386,0.64723,0.51976,0.53959,0.33821,1.30338,0.64098,1.01819,0.008548,0.008548,0.008548
46,34981.3,1.4679,0.75935,1.05255,0.68244,0.50988,0.53734,0.33613,1.30272,0.64041,1.01924,0.008515,0.008515,0.008515
47,35933.7,1.47085,0.76679,1.05493,0.81016,0.40678,0.52678,0.32696,1.30341,0.65043,1.01873,0.008482,0.008482,0.008482
48,36746.8,1.47054,0.76126,1.05281,0.80758,0.40853,0.52667,0.32641,1.30314,0.64603,1.0186,0.008449,0.008449,0.008449
49,37972.2,1.46512,0.75743,1.05193,0.63445,0.48989,0.53426,0.33396,1.30307,0.6453,1.01829,0.008416,0.008416,0.008416
50,38962,1.46292,0.7555,1.04917,0.62167,0.51838,0.53714,0.33552,1.30326,0.64411,1.01913,0.008383,0.008383,0.008383
51,39906.9,1.46353,0.75543,1.0507,0.6261,0.51185,0.53318,0.33288,1.30177,0.64126,1.01916,0.00835,0.00835,0.00835
52,40920.5,1.46033,0.7549,1.04945,0.652,0.50632,0.53681,0.33476,1.30088,0.63899,1.01887,0.008317,0.008317,0.008317
53,41976.2,1.46133,0.75629,1.04917,0.661,0.51195,0.53572,0.3348,1.30104,0.63901,1.01883,0.008284,0.008284,0.008284
54,43034.6,1.45847,0.75054,1.04849,0.6632,0.5175,0.53775,0.33636,1.29907,0.63861,1.01695,0.008251,0.008251,0.008251
55,1212.9,1.45416,0.7522,1.04634,0.67296,0.51635,0.53884,0.33732,1.29966,0.64903,1.01681,0.008218,0.008218,0.008218
56,2004.51,1.46342,0.75495,1.05007,0.68466,0.51465,0.53897,0.3367,1.301,0.66239,1.01761,0.008185,0.008185,0.008185
57,2650.91,1.45745,0.75089,1.04584,0.68877,0.51439,0.5394,0.33736,1.30085,0.65644,1.01837,0.008152,0.008152,0.008152
58,3408.35,1.45586,0.75383,1.04764,0.69387,0.51102,0.53954,0.33696,1.29905,0.65069,1.01807,0.008119,0.008119,0.008119
59,4143.35,1.4583,0.74942,1.04666,0.6919,0.51093,0.53819,0.33674,1.29672,0.65066,1.01703,0.008086,0.008086,0.008086
60,4800.35,1.4573,0.75415,1.04813,0.69274,0.51131,0.53764,0.33723,1.29602,0.65011,1.01708,0.008053,0.008053,0.008053
61,5492.93,1.45516,0.74959,1.04637,0.69531,0.50994,0.5391,0.33812,1.29524,0.65021,1.01666,0.00802,0.00802,0.00802
62,6202.82,1.45053,0.74594,1.04379,0.70629,0.50508,0.54017,0.33883,1.29446,0.64928,1.01607,0.007987,0.007987,0.007987
63,6905.54,1.44966,0.74555,1.04349,0.71436,0.50428,0.54189,0.33967,1.29367,0.64728,1.01549,0.007954,0.007954,0.007954
64,7570.79,1.44779,0.7469,1.04364,0.71686,0.50464,0.54255,0.33998,1.29319,0.64543,1.01512,0.007921,0.007921,0.007921
65,8242.55,1.44892,0.74543,1.04461,0.72091,0.50379,0.54267,0.34035,1.29307,0.64379,1.01502,0.007888,0.007888,0.007888
66,8793.48,1.44764,0.74515,1.04248,0.71249,0.50749,0.54319,0.34005,1.29313,0.64235,1.01459,0.007855,0.007855,0.007855
67,9467.34,1.44833,0.74828,1.04414,0.71485,0.50737,0.54297,0.34014,1.29303,0.6415,1.0145,0.007822,0.007822,0.007822
68,9986.45,1.44376,0.74673,1.04283,0.71335,0.50742,0.54321,0.34054,1.29299,0.64423,1.0143,0.007789,0.007789,0.007789
69,10687,1.44485,0.74424,1.04299,0.71007,0.50781,0.54331,0.34085,1.2931,0.64769,1.01431,0.007756,0.007756,0.007756
70,11208.6,1.43851,0.73658,1.03967,0.7077,0.50878,0.54321,0.34104,1.29336,0.64864,1.01431,0.007723,0.007723,0.007723
71,11708.3,1.44349,0.74119,1.0418,0.70537,0.50811,0.54251,0.34085,1.29338,0.64918,1.01418,0.00769,0.00769,0.00769
72,12339.7,1.44163,0.74008,1.04192,0.70664,0.50699,0.54289,0.34145,1.29348,0.64925,1.0142,0.007657,0.007657,0.007657
73,13088.5,1.43894,0.73892,1.03919,0.70191,0.50844,0.54228,0.34129,1.29357,0.64885,1.0141,0.007624,0.007624,0.007624
74,13658,1.43692,0.73688,1.0393,0.70576,0.50659,0.54237,0.34151,1.29375,0.64892,1.01417,0.007591,0.007591,0.007591
75,14171,1.43822,0.74071,1.04007,0.70076,0.50632,0.54185,0.34153,1.29414,0.65263,1.01408,0.007558,0.007558,0.007558
76,14713.7,1.43276,0.73389,1.03904,0.70263,0.50331,0.54118,0.34113,1.29486,0.66576,1.0141,0.007525,0.007525,0.007525
77,15289.7,1.43334,0.7361,1.03779,0.70062,0.50287,0.54111,0.34128,1.29491,0.66666,1.01413,0.007492,0.007492,0.007492
78,15896.6,1.43991,0.74113,1.04125,0.69908,0.50141,0.54102,0.34124,1.29509,0.67094,1.01416,0.007459,0.007459,0.007459
79,16532.9,1.43266,0.73454,1.03697,0.69924,0.49917,0.541,0.34144,1.29531,0.67212,1.01423,0.007426,0.007426,0.007426
80,17240.6,1.43105,0.73174,1.03664,0.69777,0.49688,0.5407,0.34117,1.29531,0.67375,1.0143,0.007393,0.007393,0.007393
81,17916.7,1.43109,0.73179,1.03695,0.6907,0.49833,0.54021,0.3408,1.29556,0.67497,1.01433,0.00736,0.00736,0.00736
82,18580.4,1.42834,0.73065,1.03483,0.68095,0.50343,0.54045,0.34088,1.29577,0.67652,1.01433,0.007327,0.007327,0.007327
83,19349.6,1.42878,0.73215,1.03562,0.67745,0.50588,0.5404,0.34078,1.29607,0.67772,1.01445,0.007294,0.007294,0.007294
84,20037.5,1.42789,0.73166,1.03635,0.67358,0.5071,0.54002,0.34064,1.29629,0.6795,1.01459,0.007261,0.007261,0.007261
85,20617.3,1.42333,0.72639,1.03364,0.66515,0.51245,0.53975,0.34023,1.29662,0.68111,1.01474,0.007228,0.007228,0.007228
86,21334.1,1.42618,0.73072,1.03441,0.66337,0.51069,0.53981,0.34001,1.2969,0.68285,1.01478,0.007195,0.007195,0.007195
87,22038.8,1.42581,0.72827,1.03374,0.65967,0.51166,0.53901,0.33956,1.29724,0.68443,1.01488,0.007162,0.007162,0.007162
88,22712.9,1.42468,0.72751,1.03273,0.65922,0.51205,0.53848,0.3393,1.29747,0.68541,1.01492,0.007129,0.007129,0.007129
89,23473.6,1.42128,0.72598,1.03279,0.65849,0.51038,0.53844,0.3394,1.29777,0.68624,1.01492,0.007096,0.007096,0.007096
90,24339.9,1.42144,0.72997,1.03316,0.66192,0.50723,0.53789,0.33911,1.29811,0.68821,1.01499,0.007063,0.007063,0.007063
91,25135.8,1.42137,0.7281,1.03344,0.66489,0.50516,0.53749,0.33846,1.29852,0.68969,1.01497,0.00703,0.00703,0.00703
92,26029,1.41781,0.72423,1.03173,0.66697,0.5039,0.53702,0.33845,1.29885,0.6903,1.01501,0.006997,0.006997,0.006997
93,26747.2,1.4112,0.72077,1.02944,0.66814,0.50364,0.53656,0.33823,1.29923,0.69015,1.01517,0.006964,0.006964,0.006964
94,27354.9,1.41543,0.72261,1.03096,0.6723,0.50242,0.53658,0.3381,1.29968,0.69169,1.01527,0.006931,0.006931,0.006931
95,28092.5,1.41393,0.7214,1.03168,0.67587,0.5008,0.53665,0.33831,1.29994,0.69296,1.01532,0.006898,0.006898,0.006898
96,28819.3,1.41167,0.72257,1.03116,0.67785,0.5011,0.53661,0.3383,1.30011,0.69427,1.01536,0.006865,0.006865,0.006865
97,29465,1.40724,0.71909,1.02748,0.67807,0.50321,0.53643,0.33831,1.30055,0.69541,1.01544,0.006832,0.006832,0.006832
98,30209.7,1.41367,0.72028,1.02875,0.67997,0.50424,0.53627,0.33814,1.30086,0.69643,1.01551,0.006799,0.006799,0.006799
99,30901.6,1.41124,0.72271,1.02923,0.68017,0.50345,0.53594,0.3381,1.30112,0.69724,1.0156,0.006766,0.006766,0.006766
100,31563,1.40836,0.71841,1.0287,0.67987,0.50298,0.53542,0.33791,1.30158,0.69931,1.01578,0.006733,0.006733,0.006733
101,32249.3,1.40823,0.71746,1.03027,0.68138,0.50275,0.53518,0.3377,1.30199,0.70026,1.01592,0.0067,0.0067,0.0067
102,32788.1,1.40365,0.71477,1.02738,0.67947,0.50326,0.53504,0.33736,1.30239,0.70053,1.01608,0.006667,0.006667,0.006667
103,33372.2,1.40457,0.71386,1.02689,0.68003,0.50292,0.53511,0.33742,1.30287,0.70078,1.01624,0.006634,0.006634,0.006634
104,34066.3,1.40484,0.71542,1.02562,0.68111,0.50309,0.53508,0.33748,1.30321,0.70098,1.01638,0.006601,0.006601,0.006601
105,34765.6,1.40304,0.71589,1.02638,0.68151,0.50326,0.53541,0.33767,1.3035,0.70075,1.01646,0.006568,0.006568,0.006568
106,35334.7,1.39868,0.71036,1.0242,0.68393,0.50279,0.53536,0.33773,1.30395,0.70054,1.01666,0.006535,0.006535,0.006535
107,36024,1.40257,0.71577,1.02611,0.68639,0.50228,0.53524,0.33759,1.30433,0.70058,1.01677,0.006502,0.006502,0.006502
108,36841.4,1.40271,0.7147,1.02618,0.68846,0.50162,0.535,0.33768,1.30458,0.70025,1.01681,0.006469,0.006469,0.006469
109,37603.1,1.39572,0.70913,1.02371,0.68907,0.50201,0.53473,0.33752,1.30502,0.69973,1.01696,0.006436,0.006436,0.006436
110,38167.7,1.40262,0.71276,1.02496,0.69071,0.5011,0.53417,0.33735,1.30529,0.70011,1.01707,0.006403,0.006403,0.006403
111,38768.1,1.39449,0.70925,1.02345,0.69228,0.50046,0.53383,0.33711,1.30574,0.7001,1.01723,0.00637,0.00637,0.00637
112,39319.6,1.40152,0.71641,1.0267,0.69308,0.49938,0.53335,0.33682,1.30597,0.69995,1.01732,0.006337,0.006337,0.006337
113,40025.6,1.39382,0.70874,1.02465,0.69502,0.49941,0.5329,0.33653,1.30643,0.70013,1.01746,0.006304,0.006304,0.006304
114,40611.9,1.3921,0.70666,1.02254,0.69865,0.49818,0.53275,0.33636,1.30693,0.70018,1.0176,0.006271,0.006271,0.006271
115,41201.2,1.39246,0.70718,1.02197,0.69816,0.498,0.53239,0.33601,1.30721,0.69956,1.01771,0.006238,0.006238,0.006238
116,41902,1.39615,0.70907,1.02304,0.69804,0.49758,0.53172,0.3355,1.30764,0.69915,1.01786,0.006205,0.006205,0.006205
117,42623.6,1.39114,0.70741,1.0212,0.69741,0.49738,0.53093,0.3347,1.30806,0.69883,1.01801,0.006172,0.006172,0.006172
118,1090.36,1.39649,0.7123,1.02477,0.6958,0.49846,0.5314,0.33516,1.30683,0.69677,1.01764,0.006139,0.006139,0.006139
119,1692.84,1.39937,0.71085,1.02682,0.69174,0.49959,0.53176,0.33564,1.30562,0.69448,1.01729,0.006106,0.006106,0.006106
120,2295.3,1.39657,0.70992,1.02435,0.69055,0.49931,0.53182,0.33564,1.30467,0.69274,1.01699,0.006073,0.006073,0.006073
121,2831.44,1.39989,0.71105,1.02344,0.68659,0.49975,0.53171,0.33536,1.3037,0.69058,1.01667,0.00604,0.00604,0.00604
122,3362.12,1.3963,0.7086,1.02324,0.68404,0.49877,0.53166,0.33527,1.30298,0.689,1.01644,0.006007,0.006007,0.006007
123,3933.39,1.38844,0.70684,1.02193,0.68176,0.49858,0.53147,0.33512,1.30234,0.6878,1.01624,0.005974,0.005974,0.005974
124,4573.16,1.39172,0.70734,1.0213,0.68169,0.49821,0.53147,0.33513,1.30159,0.68644,1.01601,0.005941,0.005941,0.005941
125,5204.03,1.39103,0.70728,1.02225,0.67936,0.49736,0.53141,0.33513,1.30111,0.6853,1.01581,0.005908,0.005908,0.005908
126,5881.81,1.38829,0.704,1.02189,0.67757,0.49703,0.5315,0.335,1.3006,0.68432,1.01564,0.005875,0.005875,0.005875
127,6727.57,1.39007,0.70526,1.02085,0.67489,0.49568,0.5314,0.33479,1.30013,0.68363,1.01547,0.005842,0.005842,0.005842
128,7783.91,1.38798,0.70524,1.01978,0.6735,0.49471,0.53149,0.33512,1.29969,0.68294,1.01533,0.005809,0.005809,0.005809
129,9328.78,1.38495,0.70325,1.02043,0.67261,0.49444,0.53163,0.33522,1.29922,0.68267,1.01516,0.005776,0.005776,0.005776
130,10133.4,1.39174,0.70774,1.02097,0.67209,0.49292,0.53184,0.33547,1.29874,0.68168,1.01501,0.005743,0.005743,0.005743
131,10989.6,1.38281,0.70152,1.02038,0.67247,0.49203,0.53199,0.33556,1.29831,0.68116,1.01489,0.00571,0.00571,0.00571
132,11901,1.38375,0.70289,1.01787,0.67205,0.49186,0.53182,0.33568,1.29796,0.6804,1.01476,0.005677,0.005677,0.005677
133,12877.9,1.38161,0.70125,1.01866,0.66929,0.49218,0.53197,0.33594,1.29765,0.6802,1.01461,0.005644,0.005644,0.005644
134,13784.3,1.38452,0.70137,1.01865,0.66961,0.49187,0.5321,0.3362,1.29741,0.67986,1.01455,0.005611,0.005611,0.005611
135,14619.1,1.38194,0.70107,1.01818,0.67042,0.49138,0.53182,0.33583,1.29729,0.67964,1.01449,0.005578,0.005578,0.005578
136,15429.6,1.37798,0.69968,1.01782,0.6715,0.49176,0.532,0.33584,1.29715,0.67922,1.01444,0.005545,0.005545,0.005545
137,16342,1.37732,0.70014,1.01675,0.6718,0.49145,0.53154,0.33569,1.29711,0.67861,1.01439,0.005512,0.005512,0.005512
138,17182.3,1.37613,0.69682,1.0173,0.67297,0.49154,0.53157,0.33563,1.29696,0.67809,1.01436,0.005479,0.005479,0.005479
139,18589.6,1.37557,0.69754,1.01437,0.67127,0.49197,0.53119,0.33536,1.29691,0.67755,1.01431,0.005446,0.005446,0.005446
140,19764.9,1.37713,0.69726,1.01588,0.67047,0.49212,0.53157,0.33564,1.29678,0.67669,1.01425,0.005413,0.005413,0.005413
141,20396,1.37192,0.69811,1.01402,0.67109,0.49309,0.5314,0.33549,1.2967,0.67585,1.01424,0.00538,0.00538,0.00538
142,21079.9,1.37737,0.69701,1.01532,0.67035,0.4933,0.53082,0.33525,1.29686,0.6751,1.01422,0.005347,0.005347,0.005347
143,21653.7,1.37386,0.69681,1.01506,0.66963,0.49388,0.53034,0.33477,1.29699,0.67467,1.01416,0.005314,0.005314,0.005314
144,22209.6,1.37135,0.69348,1.01289,0.6695,0.49577,0.53025,0.33483,1.29698,0.67396,1.01411,0.005281,0.005281,0.005281
145,22795.6,1.3668,0.69234,1.01264,0.67129,0.4961,0.53024,0.33474,1.29706,0.67327,1.01408,0.005248,0.005248,0.005248
146,23368.4,1.36874,0.69424,1.01355,0.67225,0.49598,0.53006,0.33471,1.29718,0.67272,1.01409,0.005215,0.005215,0.005215
147,23955.9,1.36607,0.69067,1.01362,0.67699,0.49485,0.5298,0.3346,1.29738,0.67205,1.01415,0.005182,0.005182,0.005182
148,24524.7,1.36699,0.69322,1.01133,0.67717,0.49408,0.52963,0.33457,1.2976,0.67133,1.01412,0.005149,0.005149,0.005149
149,25075.9,1.36605,0.6922,1.01222,0.68273,0.49281,0.5294,0.33447,1.29781,0.67072,1.01414,0.005116,0.005116,0.005116
150,25641.4,1.36782,0.69384,1.01294,0.68501,0.49187,0.52947,0.33449,1.29809,0.67024,1.01418,0.005083,0.005083,0.005083
151,26211.1,1.3641,0.69,1.01019,0.68493,0.49341,0.52965,0.33457,1.29835,0.66991,1.01426,0.00505,0.00505,0.00505
152,26771.8,1.36301,0.69021,1.01132,0.68577,0.49364,0.52957,0.33459,1.2985,0.66968,1.01429,0.005017,0.005017,0.005017
153,27356.6,1.35752,0.6871,1.00933,0.68801,0.49394,0.52967,0.3347,1.29875,0.66958,1.01434,0.004984,0.004984,0.004984
154,28071.7,1.36358,0.68882,1.01067,0.69116,0.49241,0.5296,0.33433,1.29907,0.66937,1.01443,0.004951,0.004951,0.004951
155,28688.4,1.35884,0.68688,1.00769,0.69014,0.49343,0.52871,0.33407,1.29928,0.66888,1.0145,0.004918,0.004918,0.004918
156,29281.1,1.35654,0.68643,1.00904,0.69288,0.49309,0.52859,0.33395,1.29939,0.66853,1.01449,0.004885,0.004885,0.004885
157,29947,1.35571,0.6836,1.00806,0.69288,0.49307,0.52825,0.33358,1.29963,0.66815,1.01453,0.004852,0.004852,0.004852
158,30554.7,1.35561,0.6841,1.00794,0.69321,0.49225,0.52831,0.33346,1.29973,0.66781,1.01456,0.004819,0.004819,0.004819
159,31158.6,1.35149,0.68289,1.00716,0.6949,0.49151,0.52859,0.33327,1.30001,0.6675,1.01462,0.004786,0.004786,0.004786
160,31788.3,1.35404,0.68381,1.00661,0.69615,0.49113,0.52863,0.333,1.30027,0.66739,1.01468,0.004753,0.004753,0.004753
161,32629.1,1.35156,0.68246,1.00625,0.69865,0.49244,0.52921,0.33296,1.30052,0.66712,1.01475,0.00472,0.00472,0.00472
162,33410.4,1.35005,0.68071,1.00673,0.70006,0.49088,0.52915,0.33283,1.3006,0.66674,1.01478,0.004687,0.004687,0.004687
163,34061.5,1.3516,0.68464,1.00541,0.70081,0.49178,0.52888,0.33248,1.3008,0.66666,1.01476,0.004654,0.004654,0.004654
164,34803.8,1.35183,0.68151,1.0052,0.70047,0.49299,0.52913,0.33233,1.30106,0.66735,1.0148,0.004621,0.004621,0.004621
165,35487.4,1.34995,0.68132,1.00587,0.70048,0.49313,0.52967,0.33249,1.30129,0.6673,1.01488,0.004588,0.004588,0.004588
166,36129.7,1.34696,0.67973,1.00429,0.7006,0.49421,0.5297,0.33238,1.30155,0.66829,1.015,0.004555,0.004555,0.004555
167,36781.1,1.34689,0.67833,1.00369,0.7005,0.49474,0.53015,0.33257,1.30186,0.66895,1.0151,0.004522,0.004522,0.004522
168,37393.6,1.34687,0.68053,1.00513,0.69984,0.4947,0.53037,0.33267,1.302,0.66967,1.01518,0.004489,0.004489,0.004489
169,38039.1,1.33941,0.67513,1.00252,0.6998,0.4954,0.53034,0.33261,1.30231,0.66954,1.01528,0.004456,0.004456,0.004456
170,38746.3,1.33984,0.67546,1.00263,0.69588,0.49762,0.53038,0.33239,1.30262,0.66959,1.01543,0.004423,0.004423,0.004423
171,39669.9,1.34286,0.67924,1.00328,0.69634,0.49895,0.53082,0.33261,1.30278,0.67003,1.01551,0.00439,0.00439,0.00439
172,40268.3,1.33761,0.67355,1.00123,0.69569,0.49929,0.53051,0.33248,1.30297,0.67001,1.0156,0.004357,0.004357,0.004357
173,40899.6,1.33467,0.6721,1.0006,0.69581,0.49928,0.5307,0.33251,1.30314,0.67033,1.0157,0.004324,0.004324,0.004324
174,41577.6,1.33988,0.67468,1.00179,0.69283,0.50094,0.53066,0.33202,1.30339,0.67004,1.01582,0.004291,0.004291,0.004291
175,42534.3,1.33473,0.67127,0.99969,0.69087,0.50333,0.53079,0.33183,1.30353,0.67022,1.01589,0.004258,0.004258,0.004258
176,820.725,1.33659,0.67438,1.002,0.69039,0.50304,0.53107,0.33219,1.3026,0.6691,1.01563,0.004225,0.004225,0.004225
177,1438.86,1.33996,0.67427,1.0023,0.68985,0.50134,0.53137,0.33226,1.30164,0.66768,1.01539,0.004192,0.004192,0.004192
178,1947.67,1.34053,0.67509,1.00225,0.68704,0.49961,0.53146,0.33254,1.30094,0.66641,1.01526,0.004159,0.004159,0.004159
179,2467.23,1.33912,0.67487,1.002,0.686,0.49835,0.53174,0.33276,1.30016,0.6652,1.0151,0.004126,0.004126,0.004126
180,2975.44,1.33748,0.67204,1.00214,0.68568,0.49794,0.5321,0.33295,1.29954,0.6646,1.01497,0.004093,0.004093,0.004093
181,3478.43,1.33579,0.67377,1.00166,0.68367,0.49677,0.53183,0.33285,1.29913,0.66414,1.01492,0.00406,0.00406,0.00406
182,3977.78,1.33837,0.67329,1.00041,0.68068,0.49414,0.53159,0.3328,1.29878,0.66377,1.01486,0.004027,0.004027,0.004027
183,4465.59,1.33259,0.67065,1.00034,0.67709,0.49413,0.53125,0.33283,1.29836,0.66341,1.0148,0.003994,0.003994,0.003994
184,5018.93,1.33226,0.67049,0.99975,0.67579,0.49105,0.53069,0.33274,1.29799,0.66307,1.01471,0.003961,0.003961,0.003961
185,5575.46,1.33088,0.67016,0.99861,0.67218,0.49054,0.53068,0.3329,1.29777,0.66295,1.01465,0.003928,0.003928,0.003928
186,6114.73,1.32931,0.66948,0.99901,0.67227,0.48816,0.53047,0.33289,1.29751,0.66276,1.0146,0.003895,0.003895,0.003895
187,6675.27,1.32885,0.66661,0.99869,0.67368,0.48801,0.53115,0.33325,1.2973,0.66258,1.01457,0.003862,0.003862,0.003862
188,7371.33,1.32301,0.66498,0.99645,0.6702,0.48626,0.53042,0.33313,1.29707,0.6622,1.01452,0.003829,0.003829,0.003829
189,7991.3,1.326,0.66736,0.99743,0.66862,0.48534,0.52993,0.33317,1.29699,0.66221,1.01448,0.003796,0.003796,0.003796
190,8566,1.32211,0.66462,0.99656,0.66987,0.48406,0.52962,0.33297,1.29697,0.66224,1.01449,0.003763,0.003763,0.003763
191,9112.5,1.32284,0.66568,0.99578,0.67009,0.48341,0.52922,0.33282,1.29677,0.66223,1.01444,0.00373,0.00373,0.00373
192,9675.39,1.31934,0.66278,0.99587,0.66953,0.48332,0.52941,0.33271,1.29674,0.66237,1.01445,0.003697,0.003697,0.003697
193,10245.6,1.32158,0.66569,0.99647,0.67001,0.48244,0.52908,0.33277,1.29671,0.6623,1.01446,0.003664,0.003664,0.003664
194,10906.7,1.31664,0.66162,0.99516,0.66733,0.48257,0.52886,0.33273,1.29665,0.66252,1.01443,0.003631,0.003631,0.003631
195,11612.6,1.31448,0.65895,0.99487,0.66974,0.4827,0.52874,0.33256,1.29656,0.66267,1.01441,0.003598,0.003598,0.003598
196,12291,1.31719,0.66138,0.99451,0.66847,0.48128,0.52819,0.33242,1.29652,0.66274,1.01445,0.003565,0.003565,0.003565
197,12963.8,1.31272,0.6581,0.99254,0.66777,0.4799,0.52755,0.33224,1.29655,0.66273,1.01445,0.003532,0.003532,0.003532
198,13675.8,1.31548,0.66075,0.99268,0.66876,0.48047,0.52753,0.3323,1.29657,0.66301,1.01443,0.003499,0.003499,0.003499
199,14416.9,1.30949,0.65788,0.99268,0.67139,0.47938,0.5269,0.3322,1.29652,0.66316,1.01442,0.003466,0.003466,0.003466
200,15229.1,1.31279,0.65995,0.99236,0.67229,0.47932,0.52671,0.3321,1.29645,0.66314,1.01437,0.003433,0.003433,0.003433
201,15908,1.31136,0.65741,0.9917,0.67419,0.47827,0.52594,0.33187,1.29646,0.66312,1.01438,0.0034,0.0034,0.0034
202,16608,1.30932,0.65712,0.99128,0.67463,0.4783,0.52567,0.3318,1.29656,0.66408,1.01443,0.003367,0.003367,0.003367
203,17260,1.31019,0.65653,0.99116,0.67799,0.47707,0.5252,0.33168,1.29667,0.66491,1.01447,0.003334,0.003334,0.003334
204,17770.9,1.30707,0.65612,0.98976,0.6802,0.47656,0.52545,0.33179,1.29681,0.6654,1.01456,0.003301,0.003301,0.003301
205,18277.8,1.30545,0.65449,0.98911,0.73049,0.46374,0.5253,0.33153,1.2967,0.66503,1.0146,0.003268,0.003268,0.003268
206,18835.9,1.3064,0.65553,0.99005,0.73231,0.46284,0.52484,0.33138,1.29679,0.66554,1.01469,0.003235,0.003235,0.003235
207,19356,1.30032,0.65098,0.98831,0.73055,0.46348,0.52469,0.33128,1.29704,0.66568,1.01482,0.003202,0.003202,0.003202
208,19911.6,1.30453,0.65524,0.99031,0.73128,0.46291,0.52405,0.33089,1.29714,0.66581,1.0149,0.003169,0.003169,0.003169
209,20566,1.29994,0.65059,0.98803,0.73243,0.46292,0.52385,0.33065,1.29735,0.66597,1.01502,0.003136,0.003136,0.003136
210,21168.3,1.30071,0.65137,0.98693,0.73217,0.46317,0.5236,0.33051,1.29756,0.66631,1.01517,0.003103,0.003103,0.003103
211,21718.9,1.29664,0.64897,0.98651,0.73109,0.46328,0.52324,0.3303,1.29785,0.66742,1.01527,0.00307,0.00307,0.00307
212,22414.7,1.29847,0.64993,0.98688,0.73022,0.46338,0.52275,0.33013,1.2981,0.66822,1.01535,0.003037,0.003037,0.003037
213,22950.9,1.29315,0.6483,0.98538,0.7305,0.4634,0.5226,0.33006,1.29821,0.66774,1.01546,0.003004,0.003004,0.003004
214,23490.6,1.29267,0.64629,0.98597,0.72982,0.46362,0.52234,0.32994,1.29846,0.66847,1.01557,0.002971,0.002971,0.002971
215,24023.6,1.29457,0.64851,0.98545,0.72953,0.46344,0.52202,0.32977,1.2987,0.66811,1.01569,0.002938,0.002938,0.002938
216,24544.4,1.28943,0.64599,0.98354,0.72729,0.46424,0.52227,0.32995,1.2989,0.66939,1.01577,0.002905,0.002905,0.002905
217,25073.4,1.28962,0.64588,0.9846,0.7285,0.46345,0.5223,0.32994,1.29926,0.66931,1.01586,0.002872,0.002872,0.002872
218,25712.2,1.28627,0.64333,0.98271,0.72739,0.46393,0.52214,0.3298,1.2994,0.6706,1.01596,0.002839,0.002839,0.002839
219,26239.3,1.28595,0.64363,0.98367,0.72688,0.46361,0.522,0.32961,1.29956,0.67097,1.0161,0.002806,0.002806,0.002806
220,26934.3,1.28679,0.64181,0.98325,0.72715,0.46386,0.52194,0.3295,1.29983,0.67219,1.01623,0.002773,0.002773,0.002773
221,27618,1.28518,0.64194,0.98184,0.72683,0.46357,0.52153,0.32931,1.30017,0.67351,1.01637,0.00274,0.00274,0.00274
222,28190.2,1.2814,0.64052,0.981,0.72591,0.46359,0.52141,0.32921,1.30054,0.67453,1.01654,0.002707,0.002707,0.002707
223,28742.2,1.28338,0.64201,0.98263,0.72345,0.46423,0.5212,0.3293,1.3006,0.67479,1.01661,0.002674,0.002674,0.002674
224,29279.1,1.28057,0.64013,0.98092,0.72258,0.4644,0.52078,0.32904,1.30092,0.6751,1.01677,0.002641,0.002641,0.002641
225,29944.4,1.27813,0.63796,0.97893,0.72255,0.46439,0.52042,0.32877,1.30127,0.67622,1.01693,0.002608,0.002608,0.002608
226,30658.9,1.27594,0.63762,0.97999,0.72156,0.46493,0.5204,0.32877,1.30153,0.67668,1.01705,0.002575,0.002575,0.002575
227,31290.3,1.27231,0.63445,0.97762,0.72146,0.46414,0.52003,0.32822,1.3018,0.6774,1.0172,0.002542,0.002542,0.002542
228,31864.2,1.27162,0.63555,0.97918,0.72153,0.46424,0.52001,0.32817,1.3021,0.67835,1.01733,0.002509,0.002509,0.002509
229,32437.6,1.26919,0.63399,0.97815,0.72227,0.46439,0.51967,0.32801,1.30245,0.67935,1.01748,0.002476,0.002476,0.002476
230,33031.1,1.27114,0.6331,0.97696,0.72098,0.46481,0.5191,0.32772,1.30292,0.68034,1.01768,0.002443,0.002443,0.002443
231,33780.1,1.26992,0.63165,0.97721,0.72197,0.46488,0.51892,0.32763,1.30324,0.68128,1.01783,0.00241,0.00241,0.00241
232,34343.9,1.26659,0.6305,0.97607,0.72136,0.46495,0.51867,0.32746,1.30352,0.6821,1.01796,0.002377,0.002377,0.002377
233,34898.3,1.2688,0.63373,0.9768,0.72131,0.46472,0.51824,0.32701,1.30398,0.68272,1.01814,0.002344,0.002344,0.002344
234,35436.9,1.26466,0.63013,0.97545,0.72084,0.46464,0.51811,0.32724,1.30427,0.68436,1.01831,0.002311,0.002311,0.002311
235,35975,1.26403,0.62859,0.97516,0.72009,0.46474,0.51776,0.32707,1.30463,0.68401,1.01846,0.002278,0.002278,0.002278
236,36623.7,1.26045,0.62823,0.97478,0.72122,0.464,0.51749,0.32675,1.30519,0.6847,1.01866,0.002245,0.002245,0.002245
237,37371.8,1.25946,0.62622,0.97504,0.72149,0.4643,0.51743,0.32681,1.30558,0.68571,1.01887,0.002212,0.002212,0.002212
238,38022.7,1.25792,0.62713,0.97411,0.72144,0.46377,0.51717,0.32685,1.3058,0.68567,1.01901,0.002179,0.002179,0.002179
239,38628,1.25345,0.62405,0.97272,0.72283,0.46412,0.51691,0.32664,1.30618,0.68719,1.01922,0.002146,0.002146,0.002146
240,39153.6,1.25322,0.62365,0.97262,0.68996,0.47345,0.51655,0.32634,1.30662,0.68745,1.01943,0.002113,0.002113,0.002113
241,39842,1.24952,0.62319,0.97165,0.69097,0.47318,0.51642,0.32627,1.307,0.68806,1.01961,0.00208,0.00208,0.00208
242,40373.8,1.25131,0.62264,0.97088,0.69282,0.47256,0.51608,0.32603,1.30742,0.68952,1.01987,0.002047,0.002047,0.002047
243,41106,1.24935,0.62155,0.97035,0.69281,0.47266,0.51591,0.32568,1.30803,0.69081,1.02017,0.002014,0.002014,0.002014
244,41675.3,1.24676,0.61999,0.9701,0.69327,0.47276,0.51567,0.32541,1.30854,0.69124,1.02039,0.001981,0.001981,0.001981
245,42263.9,1.24424,0.61822,0.96938,0.69421,0.47226,0.51541,0.32533,1.30903,0.69275,1.02069,0.001948,0.001948,0.001948
246,42819.9,1.2431,0.61762,0.96834,0.69448,0.47118,0.51484,0.32505,1.30956,0.69359,1.02095,0.001915,0.001915,0.001915
247,721.244,1.24159,0.62143,0.96894,0.69513,0.47226,0.51543,0.32519,1.30854,0.69053,1.02065,0.001882,0.001882,0.001882
248,1253.91,1.23848,0.61725,0.96735,0.6951,0.47272,0.51546,0.32533,1.30762,0.68778,1.02044,0.001849,0.001849,0.001849
249,1789.42,1.23905,0.61723,0.96756,0.71975,0.46613,0.51589,0.32554,1.30687,0.68563,1.0203,0.001816,0.001816,0.001816
250,2344.71,1.23605,0.61484,0.96548,0.72039,0.46612,0.51589,0.32561,1.3066,0.68431,1.02035,0.001783,0.001783,0.001783
251,2932.34,1.23627,0.61487,0.96765,0.72128,0.46603,0.51593,0.32561,1.30635,0.68308,1.0204,0.00175,0.00175,0.00175
252,3547.23,1.23555,0.61385,0.96628,0.72104,0.46643,0.516,0.3256,1.30624,0.6823,1.02046,0.001717,0.001717,0.001717
253,4123.31,1.2309,0.61326,0.96555,0.7241,0.46575,0.51597,0.32563,1.30625,0.68153,1.02051,0.001684,0.001684,0.001684
254,4709.08,1.2329,0.61261,0.96443,0.72111,0.46601,0.51602,0.32568,1.30628,0.68099,1.02065,0.001651,0.001651,0.001651
255,5324.7,1.22679,0.60957,0.96385,0.72285,0.46549,0.51595,0.32543,1.30637,0.68074,1.02078,0.001618,0.001618,0.001618
256,5888,1.23071,0.61307,0.96476,0.72312,0.46519,0.51596,0.32539,1.30655,0.68065,1.02093,0.001585,0.001585,0.001585
257,6432.27,1.2251,0.60804,0.96367,0.72222,0.46523,0.51598,0.32532,1.30683,0.68068,1.02112,0.001552,0.001552,0.001552
258,6960.19,1.2229,0.60689,0.9628,0.72091,0.46547,0.51607,0.32539,1.30712,0.68087,1.02135,0.001519,0.001519,0.001519
259,7509.19,1.22088,0.60681,0.96224,0.72006,0.46421,0.51606,0.32536,1.30739,0.68117,1.02158,0.001486,0.001486,0.001486
260,8053.27,1.22013,0.60595,0.96267,0.72083,0.46362,0.51622,0.32536,1.30792,0.68159,1.02184,0.001453,0.001453,0.001453
261,8590.73,1.21409,0.60288,0.9604,0.72028,0.46356,0.51644,0.32537,1.30844,0.682,1.02211,0.00142,0.00142,0.00142
262,9152.24,1.21511,0.60358,0.95978,0.71939,0.4619,0.5165,0.32533,1.30892,0.68247,1.0224,0.001387,0.001387,0.001387
263,9765.36,1.21199,0.6011,0.95921,0.71883,0.46067,0.51643,0.32529,1.30949,0.68302,1.02268,0.001354,0.001354,0.001354
264,10374.4,1.21185,0.60145,0.95857,0.71925,0.45975,0.51634,0.32505,1.31006,0.68369,1.02297,0.001321,0.001321,0.001321
265,10980,1.20995,0.60069,0.95844,0.7209,0.45958,0.51652,0.32507,1.31063,0.68422,1.02328,0.001288,0.001288,0.001288
266,11604,1.21104,0.60035,0.95823,0.72023,0.45977,0.51627,0.325,1.31122,0.68483,1.02358,0.001255,0.001255,0.001255
267,12234,1.20895,0.5995,0.95685,0.71774,0.46037,0.51618,0.32488,1.31195,0.68584,1.02388,0.001222,0.001222,0.001222
268,12799.5,1.20179,0.59518,0.95576,0.71509,0.46139,0.51589,0.32465,1.31273,0.68675,1.0242,0.001189,0.001189,0.001189
269,13351.2,1.19944,0.59447,0.95418,0.71198,0.46226,0.51585,0.32457,1.31339,0.68755,1.0245,0.001156,0.001156,0.001156
270,13884.9,1.19461,0.59284,0.95471,0.70279,0.46424,0.51578,0.32437,1.31413,0.68845,1.02481,0.001123,0.001123,0.001123
271,14411.8,1.19397,0.59195,0.95297,0.70319,0.46483,0.51569,0.32419,1.31495,0.68942,1.02512,0.00109,0.00109,0.00109
272,14944.9,1.19192,0.59142,0.95308,0.70079,0.46522,0.51565,0.32402,1.3158,0.6904,1.02551,0.001057,0.001057,0.001057
273,15548.3,1.18989,0.5907,0.95223,0.69707,0.46601,0.51549,0.32382,1.31658,0.69116,1.02582,0.001024,0.001024,0.001024
274,16127.3,1.1862,0.58798,0.95118,0.69389,0.46731,0.51538,0.32338,1.31754,0.6916,1.02621,0.000991,0.000991,0.000991
275,16698.4,1.18449,0.58668,0.95044,0.69742,0.46711,0.51549,0.323,1.3185,0.69185,1.02657,0.000958,0.000958,0.000958
276,17257.5,1.18428,0.58669,0.95009,0.69485,0.46613,0.51539,0.32282,1.31942,0.69233,1.02695,0.000925,0.000925,0.000925
277,17794.3,1.17559,0.58273,0.94887,0.69693,0.46537,0.51518,0.32233,1.32034,0.693,1.02733,0.000892,0.000892,0.000892
278,18326,1.17533,0.58219,0.9477,0.69704,0.46476,0.51492,0.32198,1.32142,0.69376,1.02775,0.000859,0.000859,0.000859
279,18879.4,1.17529,0.58225,0.94714,0.70141,0.46336,0.51446,0.32155,1.32238,0.69451,1.02812,0.000826,0.000826,0.000826
280,19454.3,1.17157,0.58066,0.94639,0.70687,0.46248,0.51395,0.32122,1.32343,0.69534,1.02852,0.000793,0.000793,0.000793
281,19993.7,1.16847,0.57941,0.94596,0.7125,0.46098,0.51363,0.32071,1.3246,0.6966,1.02894,0.00076,0.00076,0.00076
282,20541.9,1.16576,0.57721,0.94478,0.71389,0.46028,0.51296,0.32018,1.32567,0.69773,1.02935,0.000727,0.000727,0.000727
283,21068.8,1.15839,0.57515,0.94408,0.71584,0.45851,0.51249,0.31968,1.32672,0.69868,1.02975,0.000694,0.000694,0.000694
284,21644.7,1.16392,0.57718,0.94401,0.72337,0.45625,0.51192,0.31923,1.32781,0.6994,1.03018,0.000661,0.000661,0.000661
285,22169,1.15565,0.57328,0.94276,0.7239,0.45355,0.51129,0.31883,1.32886,0.70058,1.0306,0.000628,0.000628,0.000628
286,22693.2,1.15336,0.57137,0.94136,0.72118,0.44955,0.51035,0.31821,1.33,0.70184,1.031,0.000595,0.000595,0.000595
287,23217.7,1.15187,0.57138,0.94082,0.72505,0.44745,0.51003,0.31788,1.33113,0.70277,1.03146,0.000562,0.000562,0.000562
288,23738.3,1.14683,0.56846,0.94045,0.72825,0.44559,0.50914,0.31734,1.33232,0.70355,1.03194,0.000529,0.000529,0.000529
289,24264.1,1.14454,0.568,0.93914,0.73097,0.44407,0.5081,0.31686,1.33354,0.70448,1.03241,0.000496,0.000496,0.000496
290,24816.8,1.14182,0.56608,0.93786,0.73403,0.4419,0.5071,0.31631,1.33466,0.70528,1.03285,0.000463,0.000463,0.000463
291,25523.1,1.14984,0.55986,0.929,0.73605,0.43983,0.50579,0.31569,1.33612,0.70759,1.03342,0.00043,0.00043,0.00043
292,26336.2,1.13903,0.55322,0.92457,0.74202,0.43876,0.50428,0.31504,1.33781,0.71014,1.03412,0.000397,0.000397,0.000397
293,26916.9,1.13465,0.55032,0.92403,0.74067,0.4379,0.50279,0.31427,1.33958,0.71266,1.03483,0.000364,0.000364,0.000364
294,27486.7,1.1289,0.54699,0.92233,0.74311,0.43679,0.50137,0.31354,1.34143,0.71547,1.03555,0.000331,0.000331,0.000331
295,28470.1,1.12356,0.54457,0.92045,0.74577,0.43571,0.50001,0.31302,1.34331,0.71819,1.03628,0.000298,0.000298,0.000298
296,29236.6,1.1188,0.54115,0.91909,0.74855,0.43487,0.49879,0.31208,1.34524,0.72058,1.03703,0.000265,0.000265,0.000265
297,29766.1,1.11784,0.54081,0.91789,0.74972,0.43404,0.49756,0.31152,1.34698,0.72269,1.03767,0.000232,0.000232,0.000232
298,30716.9,1.11623,0.5392,0.9169,0.74882,0.43284,0.49625,0.31098,1.34889,0.72518,1.03838,0.000199,0.000199,0.000199
299,31644.4,1.10537,0.53413,0.91529,0.74334,0.43226,0.49517,0.3104,1.35071,0.72762,1.03905,0.000166,0.000166,0.000166
300,32210.8,1.10121,0.53265,0.9139,0.73623,0.43196,0.49405,0.3097,1.35248,0.72977,1.03972,0.000133,0.000133,0.000133
